sequence_id	sequence	rev_comp	productive	locus	v_call	d_call	j_call	c_call	sequence_alignment	germline_alignment	cdr1	cdr2	junction	junction_aa	v_cigar	d_cigar	j_cigar	c_cigar	v_identity	j_identity	cell_id	complete_vdj	consensus_count
assemble1_0	GTCTGGGGCTGAGGTGAAGAAGCCTGGGGCCTCAGTGAAGGTTTCCTGCAAGGCTTCTGGATACACCTTCACTAGCTATGCTATGCATTGGGTGCGCCAGGCCCCCGGACAAAGGCTTGAGTGGATGGGATGGATCAACGCTGGCAATGGTAACACAAAATATTCACAGAAGTTCCAGGGCAGAGTCACCATTACCAGGGACACATCCGCGAGCACAGCCTACATGGAGCTGAGCAGCCTGAGATCTGAAGACACGGCTGTGTATTACTGTGCGAGAGGGCAGGACGGTGACTACGTGGGCGAGCCCGGGGAGTCTACTACTACTACTACATGGACGTCTGGGGCAAAGGGACCACGGTCACCGTCTCCTCAGGGGAGTGCATCCGCCC	F	F	IGH	IGHV1-3*01	IGHD1-26*01	IGHJ6*04		GTCTGGGGCTGAGGTGAAGAAGCCTGGGGCCTCAGTGAAGGTTTCCTGCAAGGCTTCTGGATACACCTTCACTAGCTATGCTATGCATTGGGTGCGCCAGGCCCCCGGACAAAGGCTTGAGTGGATGGGATGGATCAACGCTGGCAATGGTAACACAAAATATTCACAGAAGTTCCAGGGCAGAGTCACCATTACCAGGGACACATCCGCGAGCACAGCCTACATGGAGCTGAGCAGCCTGAGATCTGAAGACACGGCTGTGTATTACTGTGCGAGAGGGCAGGACGGTGACTACGTGGGCGAGCCCGGGGAGTCTACTACTACTACTAC---ATGGACGTCTGGGGCAAAGGGACCACGGTCACCGTCTCCTCAG	GTCTGGGGCTGAGGTGAAGAAGCCTGGGGCCTCAGTGAAGGTTTCCTGCAAGGCTTCTGGATACACCTTCACTAGCTATGCTATGCATTGGGTGCGCCAGGCCCCCGGACAAAGGCTTGAGTGGATGGGATGGATCAACGCTGGCAATGGTAACACAAAATATTCACAGAAGTTCCAGGGCAGAGTCACCATTACCAGGGACACATCCGCGAGCACAGCCTACATGGAGCTGAGCAGCCTGAGATCTGAAGACACGGCTGTGTATTACTGTGCGAGAGGGCAGGACGGTGACTACGTGGGCGAGCCCGGGGAG-CTACTACTACTACTACGGTATGGACGTCTGGGGCAAAGGGACCACGGTCACCGTCTCCTCAG	GGATACACCTTCACTAGCTATGCT	ATCAACGCTGGCAATGGTAACACA	TGTGCGAGAGGGCAGGACGGTGACTACGTGGGCGAGCCCGGGGAGTCTACTACTACTACTACATGGACGTCTGG		17N278M111S1N	308S8N5M1D7M68S	315S2N15M3I43M16S		100.00	92.44		F	8
assemble2_0	CCTGCACTGTCTCTGGTGGCTCCGTCAGCAGTGGTAGTTACTACTGGAGCTGGATCCGGCAGCCCCCAGGGAAGGGACTGGAGTGGATTGGGTATATCTATTACAGTGGGAGCACCAACTACAACCCCTCCCTCAAGAGTCGAGTCACCATATCAGTAGACACGTCCAAGAACCAGTTCTCCCTGAAGCTGAGCTCTGTGACCGCTGCGGACACGGCCGTGTATTACTGTGCGAGGGGGCGAACGATAATATTGTAGTAGTACCAGCTGCTATCTTCCATTTGCTTTTGATATCTGGGGCCAAGGGACAATGGTCACCGTCTCTTCAGGGGAGTGCATCCGCCC	F	F	IGH	IGHV4-61*01	IGHD2-2*01	IGHJ3*02		CCTGCACTGTCTCTGGTGGCTCCGTCAGCAGTGGTAGTTACTACTGGAGCTGGATCCGGCAGCCCCCAGGGAAGGGACTGGAGTGGATTGGGTATATCTATTACAGTGGGAGCACCAACTACAACCCCTCCCTCAAGAGTCGAGTCACCATATCAGTAGACACGTCCAAGAACCAGTTCTCCCTGAAGCTGAGCTCTGTGACCGCTGCGGACACGGCCGTGTATTACTGTGCGAGGGGGCGAACGATAATATTGTAGTAGTACCAGCTGCTATCTTCCATTTGCTTTTGATATCTGGGGCCAAGGGACAATGGTCACCGTCTCTTCAG	CCTGCACTGTCTCTGGTGGCTCCGTCAGCAGTGGTAGTTACTACTGGAGCTGGATCCGGCAGCCCCCAGGGAAGGGACTGGAGTGGATTGGGTATATCTATTACAGTGGGAGCACCAACTACAACCCCTCCCTCAAGAGTCGAGTCACCATATCAGTAGACACGTCCAAGAACCAGTTCTCCCTGAAGCTGAGCTCTGTGACCGCTGCGGACACGGCCGTGTATTACTGTGCGAGGGGGCGAACGATAATATTGTAGTAGTACCAGCTGCTATCTTCCATTTGCTTTTGATATCTGGGGCCAAGGGACAATGGTCACCGTCTCTTCAG	GGTGGCTCCGTCAGCAGTGGTAGTTACTAC	ATCTATTACAGTGGGAGCACC	TGTGCGAGGGGGCGAACGATAATATTGTAGTAGTACCAGCTGCTATCTTCCATTTGCTTTTGATATCTGG		61N235M109S3N	248S3N25M71S3N	281S3N47M16S		100.00	100.00		F	6
assemble3_0	AGTCTGGGGGAGGCTTGGTCCAGCCTGGGGGGTCCCTGAGACTCTCCTGTGCAGCCTCTGGATTCACCTTCAGTAGCTATGGCATGCACTGGGTCCGCCAGGCTCCAGGCAAGGGGCTGGAGTGGGTCTCAGTTATTTATAGCGGTGGTAGTAGCACATACTATGCAGACTCCGTGAAGGGCCGATTCACCATCTCCAGAGACAATTCCAAGAACACGCTGTATCTGCAAATGAACAGCCTGAGAGCCGAGGACACGGCTGTGTATTACTGTGCGAAGGAGGTTGGGTGGTGACTGCTAGGGAAACTACTACTACGGTATGGACGTCTGGGGCCAAGGGACCACGGTCACCGTCTCCTCAGGGGAGTGCATCCGC	F	F	IGH	IGHV3-NL1*01	IGHD2-21*02	IGHJ6*02		AGTCTGGGGGAGGCTTGGTCCAGCCTGGGGGGTCCCTGAGACTCTCCTGTGCAGCCTCTGGATTCACCTTCAGTAGCTATGGCATGCACTGGGTCCGCCAGGCTCCAGGCAAGGGGCTGGAGTGGGTCTCAGTTATTTATAGCGGTGGTAGTAGCACATACTATGCAGACTCCGTGAAGGGCCGATTCACCATCTCCAGAGACAATTCCAAGAACACGCTGTATCTGCAAATGAACAGCCTGAGAGCCGAGGACACGGCTGTGTATTACTGTGCGAAGGAGGTTGGGTGGTGACTGCTAGGGAAA---CTACTACTACGGTATGGACGTCTGGGGCCAAGGGACCACGGTCACCGTCTCCTCA	AGTCTGGGGGAGGCGTGGTCCAGCCTGGGGGGTCCCTGAGACTCTCCTGTGCAGCGTCTGGATTCACCTTCAGTAGCTATGGCATGCACTGGGTCCGCCAGGCTCCAGGCAAGGGGCTGGAGTGGGTCTCAGTTATTTATAGCGGTGGTAGTAGCACATACTATGCAGACTCCGTGAAGGGCCGATTCACCATCTCCAGAGACAATTCCAAGAACACGCTGTATCTGCAAATGAACAGCCTGAGAGCTGAGGACACGGCTGTGTATTACTGTGCGAAGGAGGTTGGGTGGTGACTGCTAGGGAAACTACTACTACTACGGTATGGACGTCTGGGGCCAAGGGACCACGGTCACCGTCTCCTCA	GGATTCACCTTCAGTAGCTATGGC	ATTTATAGCGGTGGTAGTAGCACA	TGTGCGAAGGAGGTTGGGTGGTGACTGCTAGGGAAACTACTACTACGGTATGGACGTCTGG		16N277M98S3N	285S10N14M76S4N	304S3N1M3I55M15S		95.29	97.39		F	3
assemble5_0	GTGCAGCCTCTGGATTCACCTTCAGTGACTACTACATGAGCTGGATCCGCCAGGCTCCAGGGAAGGGGCTGGAGTGGGTTTCATACATTAGTAGTAGTGGTAGTACCATAAACTACGCAGACTCTGTGAAGGGCCGATTCACCATCTCCAGAGACAACGCCAAGAACTCACTGTATCTGCAAATGAACAGCCTGAGAGCCGAGGACACGGCCGTGTATTACTGTGCGAGAGACCCTCCCCGGAGCAGTGGCTGGTGGGCGTCCCCTCTTCGTTTTTGACTACTGGGGCCAGGGAACCCTGGTCACCGTCTCCTCAGGGGAGTGCATCCGCCCCAACCCTTTTCCCCCTCGTCTCCTGTGAG	F	F	IGH	IGHV3-11*01	IGHD6-19*01	IGHJ4*02	IGHM	GTGCAGCCTCTGGATTCACCTTCAGTGACTACTACATGAGCTGGATCCGCCAGGCTCCAGGGAAGGGGCTGGAGTGGGTTTCATACATTAGTAGTAGTGGTAGTACCATAAACTACGCAGACTCTGTGAAGGGCCGATTCACCATCTCCAGAGACAACGCCAAGAACTCACTGTATCTGCAAATGAACAGCCTGAGAGCCGAGGACACGGCCGTGTATTACTGTGCGAGAGACCCTCCCCGGAGCAGTGGCTGGTGGGCGTCCCCTCTTCGTTTTTGACTACTGGGGCCAGGGAACCCTGGTCACCGTCTCCTCAG	GTGCAGCCTCTGGATTCACCTTCAGTGACTACTACATGAGCTGGATCCGCCAGGCTCCAGGGAAGGGGCTGGAGTGGGTTTCATACATTAGTAGTAGTGGTAGTACCATATACTACGCAGACTCTGTGAAGGGCCGATTCACCATCTCCAGGGACAACGCCAAGAACTCACTGTATCTGCAAATGAACAGCCTGAGAGCCGAGGACACGGCCGTGTATTACTGTGCGAGAGACCCTCCCCGGAGCAGTGGCTGGTGGGCGTCCCCTCTTCGTTTTTGACTACTGGGGCCAGGGAACCCTGGTCACCGTCTCCTCAG	GGATTCACCTTCAGTGACTACTAC	ATTAGTAGTAGTGGTAGTACCATA	TGTGCGAGAGACCCTCCCCGGAGCAGTGGCTGGTGGGCGTCCCCTCTTCGTTTTTGACTACTGG		64N232M129S	242S6N13M106S2N	273S5N43M45S	316S45M1638N	99.14	100.00		F	3
assemble7_0	TGGGGCCTCAGTGAAGGTCTCCTGCAAGGCTTCTGGATACACCTTCACCGGCTACTATATGCACTGGGTGCGACAGGCCCCTGGACAAGGGCTTGAGTGGATGGGACGGATCAACCCTAACAGTGGTGGCACAAACTATGCACAGAAGTTTCAGGGCTGGGTCACCATGACCAGGGACACGTCCACGAGCACAGCCTACATGGAGCTGAGCAGCCTGAGATCTGAGGACACGGCCGTGTATTACTGTGCGAGAGACTTAGCAGTGGCTCCCCCGGCTAGTACTACTTTGACTACTGGGGCCAGGGAACCCTGGTCACCGTCTCCTCAGGGGAGTGCATCCGCCCCAACCCTTTTCCCCCTCGTCT	F	F	IGH	IGHV1-2*04	IGHD2/OR15-2b*01	IGHJ4*02	IGHM	TGGGGCCTCAGTGAAGGTCTCCTGCAAGGCTTCTGGATACACCTTCACCGGCTACTATATGCACTGGGTGCGACAGGCCCCTGGACAAGGGCTTGAGTGGATGGGACGGATCAACCCTAACAGTGGTGGCACAAACTATGCACAGAAGTTTCAGGGCTGGGTCACCATGACCAGGGACACGTCCACGAGCACAGCCTACATGGAGCTGAGCAGCCTGAGATCTGAGGACACGGCCGTGTATTACTGTGCGAGAGACTTAGCAGTGGCTCCCCCGGCTAGTACTACTTTGACTACTGGGGCCAGGGAACCCTGGTCACCGTCTCCTCAG	TGGGGCCTCAGTGAAGGTCTCCTGCAAGGCTTCTGGATACACCTTCACCGGCTACTATATGCACTGGGTGCGACAGGCCCCTGGACAAGGGCTTGAGTGGATGGGATGGATCAACCCTAACAGTGGTGGCACAAACTATGCACAGAAGTTTCAGGGCTGGGTCACCATGACCAGGGACACGTCCATCAGCACAGCCTACATGGAGCTGAGCAGGCTGAGATCTGACGACACGGCCGTGTATTACTGTGCGAGAGACTTAGCAGTGGCTCCCCCGGCTAGTACTACTTTGACTACTGGGGCCAGGGAACCCTGGTCACCGTCTCCTCAG	GGATACACCTTCACCGGCTACTAT	ATCAACCCTAACAGTGGTGGCACA	TGTGCGAGAGACTTAGCAGTGGCTCCCCCGGCTAGTACTACTTTGACTACTGG		41N255M110S	276S12N12M77S7N	280S48M37S	328S37M1646N	98.04	100.00		F	1
assemble9_0	TGAAGGTCTCCTGCAAGGCTTCTGGAGGCACCTTCAGCAGCTATGCTATCAGCTGGGTGCGACAGGCCCCTGGACAAGGGCTTGAGTGGATGGGAGGGATCATCCTTATCTTTGGTACAGCAAACTACGCACAGAAGTTCCAGGGCAGAGTCACGATTACCGCGGACGAATCCACGAGCACAGCCTACATGGAGCTGAGCAGCCTGAGATCTGAGGACACGGCCGTGTATTACTGTGCGAGCAACGCTGGATTGTACTGGTGGTGTATGCTAAACAATGGATTTAGATCGAGGGGAAGAAGTTACTACTACTACTACATGGACGTCTGGGGCAAAGGGACCACGGTCACCGTCTCCTCAGGGGAGTGCATCCGCCCCAACCC	F	T	IGH	IGHV1-69*01	IGHD2-8*02	IGHJ6*04	IGHM	TGAAGGTCTCCTGCAAGGCTTCTGGAGGCACCTTCAGCAGCTATGCTATCAGCTGGGTGCGACAGGCCCCTGGACAAGGGCTTGAGTGGATGGGAGGGATCATCCTTATCTTTGGTACAGCAAACTACGCACAGAAGTTCCAGGGCAGAGTCACGATTACCGCGGACGAATCCACGAGCACAGCCTACATGGAGCTGAGCAGCCTGAGATCTGAGGACACGGCCGTGTATTACTGTGCGAGCAACGCTGGATTGTACTGGTGGTGTATGCTAAACAATGGATTTAGATCGAGGGGAAGAAGTTACTACTACTACTAC---ATGGACGTCTGGGGCAAAGGGACCACGGTCACCGTCTCCTCAG	TGAAGGTCTCCTGCAAGGCTTCTGGAGGCACCTTCAGCAGCTATGCTATCAGCTGGGTGCGACAGGCCCCTGGACAAGGGCTTGAGTGGATGGGAGGGATCATCCCTATCTTTGGTACAGCAAACTACGCACAGAAGTTCCAGGGCAGAGTCACGATTACCGCGGACGAATCCACGAGCACAGCCTACATGGAGCTGAGCAGCCTGAGATCTGAGGACACGGCCGTGTATTACTGTGCGAGCAACGCTGGATTGTACTGGTGGTGTATGCTATACAATGGATTTAGATCGAGGGGAAGAAGTTACTACTACTACTACGGTATGGACGTCTGGGGCAAAGGGACCACGGTCACCGTCTCCTCAG	GGAGGCACCTTCAGCAGCTATGCT	ATCATCCTTATCTTTGGTACAGCA	TGTGCGAGCAACGCTGGATTGTACTGGTGGTGTATGCTAAACAATGGATTTAGATCGAGGGGAAGAAGTTACTACTACTACTACATGGACGTCTGG	CASNAGLYWWCMLNNGFRSRGRSYYYYYMDVW	52N241M141S3N	250S5N25M107S1N	301S1N16M3I43M22S	360S22M1661N	99.59	92.56		F	2
assemble10_0	CAGCCTGGGGGGTCCCTGAGACTCTCCTGTGCAGCCTCTGGATTCACCTTCAGTAGCTATTGCATGAGCTGGGTCCGCCAGGCTCCAGGGAAGGGGCTGGAGTGGGTCTCATCCATTAGTAGTAGTAGTACCATATACTACGCAGACTCTGTGAAGGGCCGATTCACCATCTCCAGAGACAACGCCAAGAACTCACTGTATCTGCAAATGAACAGCCTGAGAGCCGAGGACACGGCTGTGTATTACGGGGTATTACGATTTTTGGAGTGGTTATAAAAGCGGGGGTACTACTACTACGGTATGGACGTCTGGGGCCAAGGGACCACGGTCACCGTCTCCTCAGGGGAGTGCATCCGCCCCAACCCTTTTCCCCCTCGTCTCCTGTGAGAATTCCCCGTCGGATACGAGCAGCGTGGCCGTTGGCTGCCTCGCACAGGA	F	F	IGH	IGHV3-48*04	IGHD3-3*01	IGHJ6*02	IGHM	CAGCCTGGGGGGTCCCTGAGACTCTCCTGTGCAGCCTCTGGATTCACCTTCAGTAGCTATTGCATGAGCTGGGTCCGCCAGGCTCCAGGGAAGGGGCTGGAGTGGGTCTCATCCAT---TAGTAGTAGTAGTACCATATACTACGCAGACTCTGTGAAGGGCCGATTCACCATCTCCAGAGACAACGCCAAGAACTCACTGTATCTGCAAATGAACAGCCTGAGAGCCGAGGACACGGCTGTGTATTACGGGGTATTACGATTTTTGGAGTGGTTATAAAAGCGGGGGT---ACTACTACTACGGTATGGACGTCTGGGGCCAAGGGACCACGGTCACCGTCTCCTCA	CAGCCTGGGGGGTCCCTGAGACTCTCCTGTGCAGCCTCTGGATTCACCTTCAGTAGCTATAGCATGAACTGGGTCCGCCAGGCTCCAGGGAAGGGGCTGGAGTGGGTTTCATACATTAGTAGTAGTAGTAGTACCATATACTACGCAGACTCTGTGAAGGGCCGATTCACCATCTCCAGAGACAACGCCAAGAACTCACTGTATCTGCAAATGAACAGCCTGAGAGCCGAGGACACGGCTGTGTATTACGGGGTATTACGATTTTTGGAGTGGTTATAAAAGCGGGGGTACTACTACTACTACGGTATGGACGTCTGGGGCCAAGGGACCACGGTCACCGTCTCCTCA	GGATTCACCTTCAGTAGCTATTGC	ATTAGTAGTAGTAGTACCATA	GGGGTATTACGATTTTTGGAGTGGTTATAAAAGCGGGGGTACTACTACTACGGTATGGACGTCTGG		36N116M3I130M192S11N	249S25M164S6N	285S2N1M3I56M96S	343S95M1588N	97.96	97.44		F	4
assemble11_0	GGATGGGGATCATCTATCCTGGTGACTCTGATACCAGATACAGCCCGTCCTTCCAAGGCCAGGTCACCATCTCAGCCGACAAGTCCATCAGCACCGCCTACCTGCAGTGGAGCAGCCTGAAGGCCTCGGACACCGCCATGTATTACTGTGCGAGACAAGTGGGAGCGACCCTCATGATGCTTTTGATATCTGGGGCCAAGGGACAATGGTCACCGTCTCTTCAGGGGAGTGCATCCGCCCCAACCCTTTTCCCCCTCGTCTCCTGTGAGAATTCCCCGTCGGATACGAGCAGCGTGGCCGTTGGCTGCCTCGCACAG	F	F	IGH	IGHV5-51*01	IGHD1-26*01	IGHJ3*02	IGHM	GGATGGGGATCATCTATCCTGGTGACTCTGATACCAGATACAGCCCGTCCTTCCAAGGCCAGGTCACCATCTCAGCCGACAAGTCCATCAGCACCGCCTACCTGCAGTGGAGCAGCCTGAAGGCCTCGGACACCGCCATGTATTACTGTGCGAGACAAGTGGGAGCGACCCTCATGATGCTTTTGATATCTGGGGCCAAGGGACAATGGTCACCGTCTCTTCAG	GGATGGGGATCATCTATCCTGGTGACTCTGATACCAGATACAGCCCGTCCTTCCAAGGCCAGGTCACCATCTCAGCCGACAAGTCCATCAGCACCGCCTACCTGCAGTGGAGCAGCCTGAAGGCCTCGGACACCGCCATGTATTACTGTGCGAGACAAGTGGGAGCTACCCTCATGATGCTTTTGATATCTGGGGCCAAGGGACAATGGTCACCGTCTCTTCAG		ATCTATCCTGGTGACTCTGATACC	TGTGCGAGACAAGTGGGAGCGACCCTCATGATGCTTTTGATATCTGG		139N157M160S	157S5N12M148S3N	174S50M93S	224S93M1590N	100.00	100.00		F	3
assemble12_0	GGAAGGGGCTGGAGTGGGTCTCATCCATTAGTAGTAGTAGTACCATATACTACGCAGACTCTGTGAAGGGCCGATTCACCATCTCCAGAGACAACGCCAAGAACTCACTGTATCTGCAAATGAACAGCCTGAGAGCCGAGGACACGGCTGTGTATTACTGTGCGAGAAAACCGACCCGGAAACGGATATTGTAGTGGTGGTAGCTGCTACTCGCGGTACCCTCTACACTTGGTTCGACCCCTGGGGCCAGGGAACCCTGGTC	F	F	IGH	IGHV3-69-1*01	IGHD2-15*01	IGHJ5*02		GGAAGGGGCTGGAGTGGGTCTCATCCATTAGTAGTAGTAGTACCATATACTACGCAGACTCTGTGAAGGGCCGATTCACCATCTCCAGAGACAACGCCAAGAACTCACTGTATCTGCAAATGAACAGCCTGAGAGCCGAGGACACGGCTGTGTATTACTGTGCGAGAAAACCGACCCGGAAACGGATATTGTAGTGGTGGTAGCTGCTACTCGCGGTACCCTCTACACTTGGTTCGACCCCTGGGGCCAGGGAACCCTGGTC	GGAAGGGGCTGGAGTGGGTCTCATCCATTAGTAGTAGTAGTACCATATACTACGCAGACTCTGTGAAGGGCCGATTCACCATCTCCAGAGACAACGCCAAGAACTCACTGTATCTGCAAATGAACAGCCTGAGAGCCGAGGACACGGCTGTGTATTACTGTGCGAGAAAACCGACCCGGAAACGGATATTGTAGTGGTGGTAGCTGCTACTCGCGGTACCCTCTACACTTGGTTCGACCCCTGGGGCCAGGGAACCCTGGTC		ATTAGTAGTAGTAGTACCATA	TGTGCGAGAAAACCGACCCGGAAACGGATATTGTAGTGGTGGTAGCTGCTACTCGCGGTACCCTCTACACTTGGTTCGACCCCTGG		124N166M96S3N	183S1N29M50S1N	229S5N33M13N		100.00	100.00		F	3
assemble13_0	TACATGGAGCTGAGGAGCCTGAGATCTGACGACACGGCCGTGTATTACTGTGCGAGAAATGGGAGTTCGGATTTTGATCCAATCTCCTCGGGGGATTGTAGTAGTACCAGCTGCCTACTACTACTACTACATGGACGTCTGGGGCAAAGGGACCACGGTCACTGTCTCCTCAGGGGAGTGCATCCGCCCCAACCCTTTTCCCCCTCGTCTCCTGTGAGAATTCCCCGTCGGATACGAGCAGCGTGGCCGTTGGCTGCCTCGCACAGG	F	F	IGH	IGHV1-18*01	IGHD2-15*01	IGHJ6*04	IGHM	TACATGGAGCTGAGGAGCCTGAGATCTGACGACACGGCCGTGTATTACTGTGCGAGAAATGGGAGTTCGGATTTTGATCCAATCTCCTCGGGGGATTGTAGTAGTACCAGCTGCCTACTACTACTACTAC---ATGGACGTCTGGGGCAAAGGGACCACGGTCACTGTCTCCTCAG	TACATGGAGCTGAGGAGCCTGAGATCTGACGACACGGCCGTGTATTACTGTGCGAGAAATGGGAGTTCGGATTTTGATCCAATCTCCTCGGGGGATTGTAGTGGTGGTAGCTG-CTACTACTACTACTACGGTATGGACGTCTGGGGCAAAGGGACCACGGTCACCGTCTCCTCAG			TGTGCGAGAAATGGGAGTTCGGATTTTGATCCAATCTCCTCGGGGGATTGTAGTAGTACCAGCTGCCTACTACTACTACTACATGGACGTCTGG		237N57M210S2N	94S5N19M1D5M148S2N	115S2N15M3I43M94S	173S94M1589N	100.00	90.76		F	3
assemble15_0	ATTCGCCTTCAGTAGCTATGCTCTGCACTGGGTTCGCCGGGCTCCAGGGAAGGGTCTGGAGTGGGTATCAGCTATTGGTACTGGTGGTGATACATACTATGCAGACTCCGTGATGGGCCGATTCACCATCTCCAGAGACAACGCCAAGAAGTCCTTGTATCTTCATATGAACAGCCTGATAGCTGAGGACATGGCTGTGTATTATTGTGCAAGAGACCTAAGACATACCAGCTGCTATACTTTGACTACTGGGGCCAGGGAACCCTGGTCACCGTCTCCTCAGGGGAGTGCATCCGCCCCAACCCTTTTCCCCCTCGTCTCCTGTGAGAATTCCCCGTCGGATACGAGCAGCGTGGCCGTTGGCTGCCTCGC	F	F	IGH	IGHV3-47*01	IGHD2-2*02	IGHJ4*02	IGHM	ATTCGCCTTCAGTAGCTATGCTCTGCACTGGGTTCGCCGGGCTCCAGGGAAGGGTCTGGAGTGGGTATCAGCTATTGGTACTGGTGGTGATACATACTATGCAGACTCCGTGATGGGCCGATTCACCATCTCCAGAGACAACGCCAAGAAGTCCTTGTATCTTCATATGAACAGCCTGATAGCTGAGGACATGGCTGTGTATTATTGTGCAAGAGACCTAAGACATACCAGCTGCTATACTTTGACTACTGGGGCCAGGGAACCCTGGTCACCGTCTCCTCAG	ATTCGCCTTCAGTAGCTATGCTCTGCACTGGGTTCGCCGGGCTCCAGGGAAGGGTCTGGAGTGGGTATCAGCTATTGGTACTGGTGGTGATACATACTATGCAGACTCCGTGATGGGCCGATTCACCATCTCCAGAGACAACGCCAAGAAGTCCTTGTATCTTCATATGAACAGCCTGATAGCTGAGGACATGGCTGTGTATTATTGTGCAAGAGACCTAAGACATACCAGCTGCTATACTTTGACTACTGGGGCCAGGGAACCCTGGTCACCGTCTCCTCAG		ATTGGTACTGGTGGTGATACA	TGTGCAAGAGACCTAAGACATACCAGCTGCTATACTTTGACTACTGG		77N214M158S	225S15N15M132S1N	237S2N46M89S	283S89M1594N	100.00	100.00		F	2
assemble17_0	GACTACTACATGAGCTGGGTCCGCCAGGCTCCCGGGAAGGGGCTGGAGTGGGTAGGTTTCATTAGAAACAAAGCTAATGGTGGGACAACAGAATAGACCACGTCTGTGAAAGGCAGATTCACAATCTCAAGAGATGATTCCAAAAGCATCACCTATCTGCAAATGAACAGCCTGAGAGCCGAGGACACGGCCGTGTATTACTGTGCGAGAGACCTCGGCCGTAGGTATAGCAGTGGCTGGTTCTGTTTCGACCCCTGGGGCCAGGGAACCCTGGTCAC	F	T	IGH	IGHV3-71*01	IGHD6-19*01	IGHJ5*02		GACTACTACATGAGCTGGGTCCGCCAGGCTCCCGGGAAGGGGCTGGAGTGGGTAGGTTTCATTAGAAACAAAGCTAATGGTGGGACAACAGAATAGACCACGTCTGTGAAAGGCAGATTCACAATCTCAAGAGATGATTCCAAAAGCATCACCTATCTGCAAATGAACAGCCTGAGAGCCGAGGACACGGCCGTGTATTACTGTGCGAGAGACCTCGGCCGTAGGTATAGCAGTGGCTGGTTCTGTTTCGACCCCTGGGGCCAGGGAACCCTGGTCAC	GACTACTACATGAGCTGGGTCCGCCAGGCTCCCGGGAAGGGGCTGGAGTGGGTAGGTTTCATTAGAAACAAAGCTAATGGTGGGACAACAGAATAGACCACGTCTGTGAAAGGCAGATTCACAATCTCAAGAGATGATTCCAAAAGCATCACCTATCTGCAAATGAACAGCCTGAGAGCCGAGGACACGGCCGTGTATTACTGTGCGAGAGACCTCGGCCGTAGGTATAGCAGTGGCTGG------TTCGACCCCTGGGGCCAGGGAACCCTGGTCAC		ATTAGAAACAAAGCTAATGGTGGGACAACA	TGTGCGAGAGACCTCGGCCGTAGGTATAGCAGTGGCTGGTTCTGTTTCGACCCCTGG	CARDLGRRYSSGWFCFDPW	90N212M66S	223S1N18M37S2N	236S4N4M6D32M11N		100.00	92.31		F	1
assemble19_0	CCCCAGGGAAGGGGCTGGAGTGGATTGGGAGTATCTATCATAGTGGGAGCACCTACTACAACCCGTCCCTCAAGAGTCGAGTCACCATATCAGTAGACACGTCCAAGAACCAGTTCTCCCTGAAGCTGAGCTCTGTGACCGCCGCAGACACGGCCGTGTATTACTGTGCGAGGGTACCCCGCGATGATAGTAGTGGTTAAACAACCCTTTGACTACTGGGGCCAGGGAACCCTGGTCNNNNNNNCCTCAGGGGAGTGCATCCGCCCCAACCCTTTTCCCCCTCGTCTCCTGTGAGAATTCCCCGTCGGATACGAGCAGCGTGGCCGTTGGCTGCCTCGCACAGG	F	F	IGH	IGHV4-38-2*01	IGHD3-22*01	IGHJ4*02	IGHM	CCCCAGGGAAGGGGCTGGAGTGGATTGGGAGTATCTATCATAGTGGGAGCACCTACTACAACCCGTCCCTCAAGAGTCGAGTCACCATATCAGTAGACACGTCCAAGAACCAGTTCTCCCTGAAGCTGAGCTCTGTGACCGCCGCAGACACGGCCGTGTATTACTGTGCGAGGGTACCCCGCGATGATAGTAGTGGTTAAACAACCCTTTGACTACTGGGGCCAGGGAACCCTGGTC	CCCCAGGGAAGGGGCTGGAGTGGATTGGGAGTATCTATCATAGTGGGAGCACCTACTACAACCCGTCCCTCAAGAGTCGAGTCACCATATCAGTAGACACGTCCAAGAACCAGTTCTCCCTGAAGCTGAGCTCTGTGACCGCCGCAGACACGGCCGTGTATTACTGTGCGAGGGTACCCCGCGATGATAGTAGTGGTTAAACAACCCTTTGACTACTGGGGCCAGGGAACCCTGGTC		ATCTATCATAGTGGGAGCACC	TGTGCGAGGGTACCCCGCGATGATAGTAGTGGTTAAACAACCCTTTGACTACTGG		121N172M172S1N	183S8N16M145S7N	206S4N31M107S13N	250S94M1589N	97.65	100.00		F	2
assemble20_0	CAGCTATTGGTACTGCTGGTGACACATACTATCCAGGCTCCGTGAAGGGCCGATTCACCATCTCCAGAGAAAATGCCAAGAACTCCTTGTATCTTCAAATGAACAGCCTGAGAGCCGGGGACACGGCTGTGTATTACTGTTATTGTAGTAGTACCAGCTGCTATTACTACTACTACGGTATGGACGTCTGGGGCCAAGGGACCACGGTCACCGTCTCCTCAGGGGAG	F	T	IGH	IGHV3-13*01	IGHD2-2*01	IGHJ6*02		CAGCTATTGGTACTGCTGGTGACACATACTATCCAGGCTCCGTGAAGGGCCGATTCACCATCTCCAGAGAAAATGCCAAGAACTCCTTGTATCTTCAAATGAACAGCCTGAGAGCCGGGGACACGGCTGTGTATTACTGTTATTGTAGTAGTACCAGCTGCTAT---TACTACTACTACGGTATGGACGTCTGGGGCCAAGGGACCACGGTCACCGTCTCCTCA	CAGCTATTGGTACTGCTGGTGACACATACTATCCAGGCTCCGTGAAGGGCCGATTCACCATCTCCAGAGAAAATGCCAAGAACTCCTTGTATCTTCAAATGAACAGCCTGAGAGCCGGGGACACGGCTGTGTATTACTGTTATTGTAGTAGTACCAGCTGCTATTACTACTACTACTACGGTATGGACGTCTGGGGCCAAGGGACCACGGTCACCGTCTCCTCA		ATTGGTACTGCTGGTGACACA	TGTTATTGTAGTAGTACCAGCTGCTATTACTACTACTACGGTATGGACGTCTGG	CYCSSTSCYYYYYGMDVW	145N140M87S8N	140S4N24M63S3N	162S2M3I57M6S		100.00	97.52		F	2
assemble22_0	CCCCCAGGGAAGGGACTGGAGTGGATTGGGTATATCTATTACAGTGGGAGCACCAACTACAACCCCTCCCTCAAGAGTCGAGTCACCATATCAGTAGACACGTCCAAGAACCAGTTCTCCCTGAAGCTGAGCTCTGTGACCGCTGCGGACACGGCCGTGTATTACTGTGCGAGAGATGGTACCCCGGATGTAGTAGTACCAGCTGCTATGTTTCTTAAACCGGTTGTCTGACTACTGGGGCCAGGGAACCCTGGTCACCGTCTCCTCAGGGGAGTGCATCCGCCCCAACCC	F	F	IGH	IGHV4-59*01	IGHD2-2*01	IGHJ4*02	IGHM	CCCCCAGGGAAGGGACTGGAGTGGATTGGGTATATCTATTACAGTGGGAGCACCAACTACAACCCCTCCCTCAAGAGTCGAGTCACCATATCAGTAGACACGTCCAAGAACCAGTTCTCCCTGAAGCTGAGCTCTGTGACCGCTGCGGACACGGCCGTGTATTACTGTGCGAGAGATGGTACCCCGGATGTAGTAGTACCAGCTGCTATGTTTCTTAAACCGGTTGTCTGACTACTGGGGCCAGGGAACCCTGGTCACCGTCTCCTCAG	CCCCCAGGGAAGGGACTGGAGTGGATTGGGTATATCTATTACAGTGGGAGCACCAACTACAACCCCTCCCTCAAGAGTCGAGTCACCATATCAGTAGACACGTCCAAGAACCAGTTCTCCCTGAAGCTGAGCTCTGTGACCGCTGCGGACACGGCCGTGTATTACTGTGCGAGAGATGGTACCCCGGATGTAGTAGTACCAGCTGCTATGTTTCTTAAACCGGTTGTCTGACTACTGGGGCCAGGGAACCCTGGTCACCGTCTCCTCAG		ATCTATTACAGTGGGAGCACC	TGTGCGAGAGATGGTACCCCGGATGTAGTAGTACCAGCTGCTATGTTTCTTAAACCGGTTGTCTGACTACTGG		117N176M115S	188S7N22M81S2N	228S7N41M22S	269S22M1661N	100.00	100.00		F	5
assemble26_0	GCTGGTGTGGGTCTCACGTATTAATAGTGATGGGAGTAGCACAAGCTACGCGGACTCCGTGAAGGGCCGATTAACCATCTCCAGAGACAACGCCAAGAACNNNNNNNAAATGAACAGTCTGAGAGCCGAGGACACGGCTGTGTATTACTGTGCAAGAGATGTAGGAGGGGTATTTCCATTGTAGTGGTGGTAGCTGCTATGCTGGTTCGACCCCTGGGGCCAGGGAACCCTGGTCACCGTCTCCTCAGGGGAGTGCATCCGCCCCAACCCTTTTCCCCCTCGTCTCCTGTGAGAATTCCCCGTCGGATACGAGCAGCGTGGCCGTTGGCTGCCTCGCACAGGACTT	F	F	IGH	IGHV3-74*01	IGHD2-15*01	IGHJ5*02	IGHM	GCTGGTGTGGGTCTCACGTATTAATAGTGATGGGAGTAGCACAAGCTACGCGGACTCCGTGAAGGGCCGATTAACCATCTCCAGAGACAACGCCAAGAAC------NNNNNNNAAATGAACAGTCTGAGAGCCGAGGACACGGCTGTGTATTACTGTGCAAGAGATGTAGGAGGGGTATTTCCATTGTAGTGGTGGTAGCTGCTATGCTGGTTCGACCCCTGGGGCCAGGGAACCCTGGTCACCGTCTCCTCAG	GCTGGTGTGGGTCTCACGTATTAATAGTGATGGGAGTAGCACAAGCTACGCGGACTCCGTGAAGGGCCGATTCACCATCTCCAGAGACAACGCCAAGAACACGCTGTATCTGCAAATGAACAGTCTGAGAGCCGAGGACACGGCTGTGTATTACTGTGCAAGAGATGTAGGAGGGGTATTTCCATTGTAGTGGTGGTAGCTGCTATGCTGGTTCGACCCCTGGGGCCAGGGAACCCTGGTCACCGTCTCCTCAG		ATTAATAGTGATGGGAGTAGCACA	TGTGCAAGAGATGTAGGAGGGGTATTTCCATTGTAGTGGTGGTAGCTGCTATGCTGGTTCGACCCCTGG		131N100M6I59M187S	177S5N22M147S4N	201S4N47M98S	248S98M1585N	93.21	100.00		F	3
assemble27_0	ACTCACTGTATCTGCAAATGAACAGCCTGAGAGCCGAGGACACGGCTGTGTATTACTGTGCGAGCGCAGCACGGGATATTGTAGTGGTGGTAGCTGCTACGGTTCATTTATGACTACTGGGGCCAGGGAACCCTGGTCACCGTCTCCTCAGGGGAGTGCATCCGCCCCAACCCTTTTCCCCCTCGTCTCCTGTGAGAATTCCCCGTCGGATACGAGCAGCGTGGCCGTTGGCTGCCTCGCACAGGACTTC	F	F	IGH	IGHV3-11*04	IGHD2-15*01	IGHJ4*02	IGHM	ACTCACTGTATCTGCAAATGAACAGCCTGAGAGCCGAGGACACGGCTGTGTATTACTGTGCGAGCGCAGCACGGGATATTGTAGTGGTGGTAGCTGCTACGGTTCATTTATGACTACTGGGGCCAGGGAACCCTGGTCACCGTCTCCTCAG	ACTCACTGTATCTGCAAATGAACAGCCTGAGAGCCGAGGACACGGCTGTGTATTACTGTGCGAGCGCAGCACGGGATATTGTAGTGGTGGTAGCTGCTACGGTTCATTTATGACTACTGGGGCCAGGGAACCCTGGTCACCGTCTCCTCAG			TGTGCGAGCGCAGCACGGGATATTGTAGTGGTGGTAGCTGCTACGGTTCATTTATGACTACTGG		229N64M186S3N	73S1N27M150S3N	110S7N41M99S	151S99M1584N	100.00	100.00		F	3
assemble28_0	TCCGTGAGCACAGCCTACATGGAGCTGAGCAGCCTGAGATCTGAAGACATGGTCGTGTATTCCTGTGTGTCCCTCAGAATTACTATGGTTCAGATTCGAACTCGAAGAACTACTACTACTACTACATGGACGTCTGGGGCAAAGGGACCACGGTCACCGTCTCCTCAGGGGAGTGCATCCGCCCCAACCCTTTTCCCCCTCGTCTCCTGTGAGAATTCCCCGTCGGATA	F	F	IGH	IGHV1-NL1*01	IGHD3-10*01	IGHJ6*04	IGHM	TCCGTGAGCACAGCCTACATGGAGCTGAGCAGCCTGAGATCTGAAGACATGGTCGTGTATTCCTGTGTGTCCCTCAGAATTACTATGGTTCAGATTCGAACTCGAAGAACTACTACTACTACTACATGGACGTCTGGGGCAAAGGGACCACGGTCACCGTCTCCTCAG	TCCATGAGCACAGCCTACATGGAGCTGAGCNGCCTGAGATCCGAAGACATGGTCGTGTATTACTGTGTGTCCCTCAGAATTACTATGGTTCAGATTCGAACTCGAAGAACTACTACTACTACGGTATGGACGTCTGGGGCAAAGGGACCACGGTCACCGTCTCCTCAG			TGTGTGTCCCTCAGAATTACTATGGTTCAGATTCGAACTCGAAGAACTACTACTACTACTACATGGACGTCTGG		222N69M160S5N	78S2N13M138S16N	108S3N60M61S	168S61M1622N	95.65	95.00		F	2
assemble30_0	CTGCAAATGAACAGCCTGAGAGCCGAGGACACGGCTGTGTATTACTGTGCGAGAGATAGGGAGTTGTAGTAGTACCAGCTGCTGTCACGGGACTACTACTACTACTACTACATGGACGTCTGGGGCAAAGGGACCACGGTCACCGTCTCCTCAGGGGAGTGCATCCGCCCCAACCCTTTTCCCCCTCGTCTCCTGT	F	F	IGH	IGHV3-11*04	IGHD2-2*01	IGHJ6*04	IGHM	CTGCAAATGAACAGCCTGAGAGCCGAGGACACGGCTGTGTATTACTGTGCGAGAGATAGGGAGTTGTAGTAGTACCAGCTGCTGTCACGGGACTACTACTACTACTACTACATGGACGTCTGGGGCAAAGGGACCACGGTCACCGTCTCCTCAG	CTGCAAATGAACAGCCTGAGAGCCGAGGACACGGCTGTGTATTACTGTGCGAGAGATAGGGAGTTGTAGTAGTACCAGCTGCTGTCACGGGA---CTACTACTACTACGGTATGGACGTCTGGGGCAAAGGGACCACGGTCACCGTCTCCTCAG			TGTGCGAGAGATAGGGAGTTGTAGTAGTACCAGCTGCTGTCACGGGACTACTACTACTACTACTACATGGACGTCTGG		240N56M140S	63S6N20M113S5N	91S3N1M3D59M42S	154S42M1641N	100.00	92.68		F	2
assemble31_0	TGCAAATGAACAGCCTGAGAGCCGAGCACACGGCCGTATATTACTGTGCGAAAGACGTTGCAAGCACCAGGGCACTGCCGAAACCCCCAGTTGTAGTAGTACCAGCTGCTATCCCCTTTGACTACTGGGGCCAGGGAACCCTGGTCACCGTCTCCTCAGGGGAGTGCATCCGCCCCAACCCTTTTCCCCCTCGTCTCCTGTGAGAATTCCCCGTCGGATACGAGCAGCGTGGCCGTTGGCTGCCTCGCA	F	T	IGH	IGHV3-23*01	IGHD2-2*01	IGHJ4*02	IGHM	TGCAAATGAACAGCCTGAGAGCCGAGCACACGGCCGTATATTACTGTGCGAAAGACGTTGCAAGCACCAGGGCACTGCCGAAACCCCCAGTTGTAGTAGTACCAGCTGCTATCCCCTTTGACTACTGGGGCCAGGGAACCCTGGTCACCGTCTCCTCAG	TGCAAATGAACAGCCTGAGAGCCGAGGACACGGCCGTATATTACTGTGCGAAAGACGTTGCAAGCACCAGGGCACTGCCGAAACCCCCAGTTGTAGTAGTACCAGCTGCTATGCCCTTTGACTACTGGGGCCAGGGAACCCTGGTCACCGTCTCCTCAG			TGTGCGAAAGACGTTGCAAGCACCAGGGCACTGCCGAAACCCCCAGTTGTAGTAGTACCAGCTGCTATCCCCTTTGACTACTGG	CAKDVASTRALPKPPVVVVPAAIPFDYW	241N55M194S	90S6N25M134S	115S4N44M90S	159S90M1593N	98.18	100.00		F	2
assemble33_0	AAATGGACAGTCTGAAAGCTAAGGACACGGCCATGTATTACTGTGCGGCTTTACTATGGTTCAGCCCGGGGTGCTTTTGATATCTGGGGCCAAGGGACAATGGTCACCGTCTCTTCAGGGGAGTGCATCCGCCCCAACCCTTTTCCCCCTCGTCTCCTGTGAGAATTCCCCGTCGGATACGAGCAGCGTGGCCGTTGGCTGC	F	F	IGH	IGHV3-41*02	IGHD3-10*01	IGHJ3*02	IGHM	AAATGGACAGTCTGAAAGCTAAGGACACGGCCATGTATTACTGTGCGGCTTTACTATGGTTCAGCCCGGGGTGCTTTTGATATCTGGGGCCAAGGGACAATGGTCACCGTCTCTTCAG	AAATGGACAGTCTGAAAGCTAAGGACACGGCCATGTATTACTGTGCGGCTTTACTATGGTTCAGCCCGGGGTGCTTTTGATATCTGGGGCCAAGGGACAATGGTCACCGTCTCTTCAG			TGTGCGGCTTTACTATGGTTCAGCCCGGGGTGCTTTTGATATCTGG		244N44M158S6N	50S3N12M140S16N	71S3N47M84S	118S84M1599N	100.00	100.00		F	2
assemble34_0	CGCTGTATCTTCAAATGAACAGCCTGAGAGCCGAGGACACGGCTGTGTATTACTGTGCGAGAGATATTGTTGTAGTGGTGGTAGCTGCTACTCCCAGGGCCCAAATTTACTGGGGCCAGGGAACCCTGGTCACCGTCTCCTCAGGGGAGTGCATCCGCCCCAACCCTTTTCCCCCTCGTCTCCTGTGAGAATTCCC	F	T	IGH	IGHV3-66*01	IGHD2-15*01	IGHJ4*02	IGHM	CGCTGTATCTTCAAATGAACAGCCTGAGAGCCGAGGACACGGCTGTGTATTACTGTGCGAGAGATATTGTTGTAGTGGTGGTAGCTGCTACTCCCAGGGCCCAAATTTACTGGGGCCAGGGAACCCTGGTCACCGTCTCCTCAG	CGCTGTATCTTCAAATGAACAGCCTGAGAGCCGAGGACACGGCTGTGTATTACTGTGCGAGAGATATTGTTGTAGTGGTGGTAGCTGCTACTCCCAGGGCCCAAATTTACTGGGGCCAGGGAACCCTGGTCACCGTCTCCTCAG			TGTGCGAGAGATATTGTTGTAGTGGTGGTAGCTGCTACTCCCAGGGCCCAAATTTACTGG	CARDIVVVVVAATPRAQIYW	229N64M132S	69S6N25M102S	107S11N37M52S	144S52M1631N	96.83	97.22		F	2
assemble36_0	GGCATGCACTGGGTCCGCCAGGCTCCAGGCAAGGGGCTGGAGTGGGTCTCAGTTATTTATAGCGGTGGTAGTAGCACATACTATGCAGACTCCGTGAAGGGCCGATTCACCATCTCCAGAGACAATTCCAAGAACACGCTGTATCTGCAAATGAACAGCCTGAGAGCTGAGGACACGGCTGTGTATTACTGTGCGAAAGATCTAGGAAAGGTAGTCGCCGTATAGCAGCTCGTCCGGAGGGGATTTCTTCCTACTACTACTACGGTATGGACGTCTGGGGCCAAGGGACCACGGTCACCGTCTCCTCAGGGGAGTGCAT	F	F	IGH	IGHV3-NL1*01	IGHD6-6*01	IGHJ6*02		GGCATGCACTGGGTCCGCCAGGCTCCAGGCAAGGGGCTGGAGTGGGTCTCAGTTATTTATAGCGGTGGTAGTAGCACATACTATGCAGACTCCGTGAAGGGCCGATTCACCATCTCCAGAGACAATTCCAAGAACACGCTGTATCTGCAAATGAACAGCCTGAGAGCTGAGGACACGGCTGTGTATTACTGTGCGAAAGATCTAGGAAAGGTAGTCGCCGTATAGCAGCTCGTCCGGAGGGGATTTCTTCCT---ACTACTACTACGGTATGGACGTCTGGGGCCAAGGGACCACGGTCACCGTCTCCTCA	GGCATGCACTGGGTCCGCCAGGCTCCAGGCAAGGGGCTGGAGTGGGTCTCAGTTATTTATAGCGGTGGTAGTAGCACATACTATGCAGACTCCGTGAAGGGCCGATTCACCATCTCCAGAGACAATTCCAAGAACACGCTGTATCTGCAAATGAACAGCCTGAGAGCTGAGGACACGGCTGTGTATTACTGTGCGAAAGATCTAGGAAAGGTAGTCGCCGTATAGCAGCTCGTCCGGAGGGGATTTCTTCCTACTACTACTACTACGGTATGGACGTCTGGGGCCAAGGGACCACGGTCACCGTCTCCTCA		ATTTATAGCGGTGGTAGTAGCACA	TGTGCGAAAGATCTAGGAAAGGTAGTCGCCGTATAGCAGCTCGTCCGGAGGGGATTTCTTCCTACTACTACTACGGTATGGACGTCTGG		96N200M119S	219S2N16M84S	251S2N1M3I56M11S		100.00	97.44		F	3
assemble37_0	AGATCTGAAGACACGGCTGTGTATTACTGTGCGAGACCCTATAGCAGCAGCTGGTACGAAAGTTTACTACTACTACTACGGTATGGACGTCTGGGGCCAAGGGACCACGGTCACCGTCTCCTCAGGGGAGTGCATCCGCCCCAACCCTTTTCCCCCTCGTCTCCTGTGAGAATTCCC	F	F	IGH	IGHV1-3*01	IGHD6-13*01	IGHJ6*02	IGHM	AGATCTGAAGACACGGCTGTGTATTACTGTGCGAGACCCTATAGCAGCAGCTGGTACGAAAGTTTACTACTACTACTACGGTATGGACGTCTGGGGCCAAGGGACCACGGTCACCGTCTCCTCA	AGATCTGAAGACACGGCTGTGTATTACTGTGCGAGACCCTATAGCAGCAGCTGGTACGAAAGTTTACTACTACTACTACGGTATGGACGTCTGGGGCCAAGGGACCACGGTCACCGTCTCCTCA			TGTGCGAGACCCTATAGCAGCAGCTGGTACGAAAGTTTACTACTACTACTACGGTATGGACGTCTGG		258N36M141S2N	39S3N18M120S	63S1N61M53S	125S52M1631N	100.00	95.08		F	3
assemble39_0	GGCCTCAGTGAAGGTTTCCTGCAAGGCTTCTGGATACACCTTCACTAGCTATGCTATGCATTGGGTGCGCCAGGCCCCCGGACAAAGGCTTGAGTGGATGGGATGGATCAACGCTGGCAATGGTAACACAAAATATTCACAGAAGTTCCAGGGCAGAGTCACCATTACCAGGGACACATCCGCGAGCACAGCCTACATGGAGCTGAGCAGCCTGAGATCTGAAGACACGGCTGTGTATTACTGTGCGATGGGGTGGGTCGGTCCTCGGGCAGTACAACTGGTTCGACCCCTGGGGCCAGGGAACCCTGGTCACCGTCTCCTCAGGGGAGT	F	F	IGH	IGHV1-3*01	IGHD1-1*01	IGHJ5*02		GGCCTCAGTGAAGGTTTCCTGCAAGGCTTCTGGATACACCTTCACTAGCTATGCTATGCATTGGGTGCGCCAGGCCCCCGGACAAAGGCTTGAGTGGATGGGATGGATCAACGCTGGCAATGGTAACACAAAATATTCACAGAAGTTCCAGGGCAGAGTCACCATTACCAGGGACACATCCGCGAGCACAGCCTACATGGAGCTGAGCAGCCTGAGATCTGAAGACACGGCTGTGTATTACTGTGCGATGGGGTGGGTCGGTCCTCGGGCAGTACAACTGGTTCGACCCCTGGGGCCAGGGAACCCTGGTCACCGTCTCCTCAG	GGCCTCAGTGAAGGTTTCCTGCAAGGCTTCTGGATACACCTTCACTAGCTATGCTATGCATTGGGTGCGCCAGGCCCCCGGACAAAGGCTTGAGTGGATGGGATGGATCAACGCTGGCAATGGTAACACAAAATATTCACAGAAGTTCCAGGGCAGAGTCACCATTACCAGGGACACATCCGCGAGCACAGCCTACATGGAGCTGAGCAGCCTGAGATCTGAAGACACGGCTGTGTATTACTGTGCGATGGGGTGGGTCGGTCCTCGGGCAGTACAACTGGTTCGACCCCTGGGGCCAGGGAACCCTGGTCACCGTCTCCTCAG	GGATACACCTTCACTAGCTATGCT	ATCAACGCTGGCAATGGTAACACA	TGTGCGATGGGGTGGGTCGGTCCTCGGGCAGTACAACTGGTTCGACCCCTGG		44N248M82S4N	271S1N16M43S	273S51M6S		100.00	100.00		F	2
assemble40_0	TGAAAAAGCCCGGGGAGTCTCTGAAGATCTCCTGTAAGGGTTCTGGATACAGCTTTACCAGCTACTGGATCGGCTGGGTGCGCCAGATGCCCGGGAAAGGCCTGGAGTGGATGGGGATCATCTATCCTGGTGACTCTGATACCAGATACAGCCCGTCCTTCCAAGGCCAGGTCACCATCTCAGCCGACAAGTCCATCAGCACCGCCTACCTGCAGTGGAGCAGCCTGAAGGCCTCGGACACCGCCATGTATTACTGTGCGAGAGAGGGATAGCAGTGGCTTGGGTACTACTACTACTACATGGACGTCTGGGGCAAAG	F	F	IGH	IGHV5-51*01	IGHD2/OR15-2b*01	IGHJ6*03		TGAAAAAGCCCGGGGAGTCTCTGAAGATCTCCTGTAAGGGTTCTGGATACAGCTTTACCAGCTACTGGATCGGCTGGGTGCGCCAGATGCCCGGGAAAGGCCTGGAGTGGATGGGGATCATCTATCCTGGTGACTCTGATACCAGATACAGCCCGTCCTTCCAAGGCCAGGTCACCATCTCAGCCGACAAGTCCATCAGCACCGCCTACCTGCAGTGGAGCAGCCTGAAGGCCTCGGACACCGCCATGTATTACTGTGCGAGAGAGGGATAGCAGTGGCTTGGGT---ACTACTACTACTACATGGACGTCTGGGGCAAAG	TGAAAAAGCCCGGGGAGTCTCTGAAGATCTCCTGTAAGGGTTCTGGATACAGCTTTACCAGCTACTGGATCGGCTGGGTGCGCCAGATGCCCGGGAAAGGCCTGGAGTGGATGGGGATCATCTATCCTGGTGACTCTGATACCAGATACAGCCCGTCCTTCCAAGGCCAGGTCACCATCTCAGCCGACAAGTCCATCAGCACCGCCTACCTGCAGTGGAGCAGCCTGAAGGCCTCGGACACCGCCATGTATTACTGTGCGAGAGAGGGATAGCAGTGGCTTGGGTACTACTACTACTACTACATGGACGTCTGGGGCAAAG	GGATACAGCTTTACCAGCTACTGG	ATCTATCCTGGTGACTCTGATACC	TGTGCGAGAGAGGGATAGCAGTGGCTTGGGTACTACTACTACTACATGGACGTCTGG		31N263M55S2N	283S8N14M21S9N	284S2N1M3I33M23N		100.00	87.32		F	2
assemble41_0	ACTGTATCTGCAAATGAACAGCCTGAGAGCCGAGGACACGGCTGTGTATTACTGTGCGAGAGGCGATACCCGGTATTACGATTTTTGGAGTGGTTATTATCCGCAAAGAGGACCAGGGCAGTCCTACTACTACTACGGTATGGACGTCTGGGGCCAAGGGACCACGGTCACCGTCTCCTCAGGGGAGTGCATCCGCCCCAACCCTTTTCCCCCTCGTCTCCTGTGA	F	T	IGH	IGHV3-11*04	IGHD3-3*01	IGHJ6*02	IGHM	ACTGTATCTGCAAATGAACAGCCTGAGAGCCGAGGACACGGCTGTGTATTACTGTGCGAGAGGCGATACCCGGTATTACGATTTTTGGAGTGGTTATTATCCGCAAAGAGGACCAGGGCAGTCCT---ACTACTACTACGGTATGGACGTCTGGGGCCAAGGGACCACGGTCACCGTCTCCTCA	ACTGTATCTGCAAATGAACAGCCTGAGAGCCGAGGACACGGCTGTGTATTACTGTGCGAGAGGCGATACCCGGTATTACGATTTTTGGAGTGGTTATTATCCGCAAAGAGGACCAGGGCAGTCCTACTACTACTACTACGGTATGGACGTCTGGGGCCAAGGGACCACGGTCACCGTCTCCTCA			TGTGCGAGAGGCGATACCCGGTATTACGATTTTTGGAGTGGTTATTATCCGCAAAGAGGACCAGGGCAGTCCTACTACTACTACGGTATGGACGTCTGG	CARGDTRYYDFWSGYYPQRGPGQSYYYYGMDVW	233N62M164S1N	72S28M126S3N	124S2N1M3I56M45S	182S44M1639N	100.00	97.44		F	2
assemble44_0	GGAGTGGCTTGCACTCATTGATTGGGATGATGATAAATACTACAGCACATCTCTGAAGACCAGGCTCACCATCTCCAAGGACACCTCCAAAAACCAGGTGGTCCTTACAATGACCAACATGGACCCTGTGGACACAGCCACGTATTACTGTGCACGGCACCCGGGTCTGTGCCTAGTATTACTATGGTTCAGGGATACTACTACTACATGGACGTCTGGGGCAAAGGGACCACGGTCACCGTCTCCTCAGGGGAGTGCATCCGCCCCAACCCTTTTCCCCCTCGT	F	F	IGH	IGHV2-70*01	IGHD3-10*01	IGHJ6*04	IGHM	GGAGTGGCTTGCACTCATTGATTGGGATGATGATAAATACTACAGCACATCTCTGAAGACCAGGCTCACCATCTCCAAGGACACCTCCAAAAACCAGGTGGTCCTTACAATGACCAACATGGACCCTGTGGACACAGCCACGTATTACTGTGCACGGCACCCGGGTCTGTGCCTAGTATTACTATGGTTCAGGGATACTACTACTACATGGACGTCTGGGGCAAAGGGACCACGGTCACCGTCTCCTCAG	GGAGTGGCTTGCACTCATTGATTGGGATGATGATAAATACTACAGCACATCTCTGAAGACCAGGCTCACCATCTCCAAGGACACCTCCAAAAACCAGGTGGTCCTTACAATGACCAACATGGACCCTGTGGACACAGCCACGTATTACTGTGCACGGCACCCGGGTCTGTGCCTAGTATTACTA----------CTACTACTACGGTATGGACGTCTGGGGCAAAGGGACCACGGTCACCGTCTCCTCAG		ATTGATTGGGATGATGATAAA	TGTGCACGGCACCCGGGTCTGTGCCTAGTATTACTATGGTTCAGGGATACTACTACTACATGGACGTCTGG		140N157M128S4N	175S20M90S11N	177S7M10D56M35S	250S35M1648N	100.00	83.82		F	2
assemble46_0	TCACCATCTCCAGAGACAATTCCAAGAACACGCTGTATCTGCAAATGAACAGCCTGAGAGCCGAGGACACGGCCCACGGTTATTGTAGTGGTGGTAGCTGCTATAGTAAGTACTACTTTGACGACTGGGGCCAGGGAACCCTGGTCACCGTCTCCTCAGGGGAGTGCATCCGCCCCAACCCTTTTCCCCCTCGTCTCCTGTGAGAATTCCCCGTCGGATACGAGCAGCGTGGCCGTTGGCTGCCTC	F	T	IGH	IGHV3-23*01	IGHD2-15*01	IGHJ4*02	IGHM	TCACCATCTCCAGAGACAATTCCAAGAACACGCTGTATCTGCAAATGAACAGCCTGAGAGCCGAGGACACGGCCCACGGTTATTGTAGTGGTGGTAGCTGCTATAGTAAGTACTACTTTGACGACTGGGGCCAGGGAACCCTGGTCACCGTCTCCTCAG	TCACCATCTCCAGAGACAATTCCAAGAACACGCTGTATCTGCAAATGAACAGCCTGAGAGCCGAGGACACGGCCCACGGTTATTGTAGTGGTGGTAGCTGCTATAGTAAGTACTACTTTGACTACTGGGGCCAGGGAACCCTGGTCACCGTCTCCTCAG			TGTAGTGGTGGTAGCTGCTATAGTAAGTACTACTTTGACGACTGG	CSGGSCYSKYYFDDW	202N74M172S20N	83S7N20M143S4N	111S48M87S	159S87M1596N	100.00	100.00		F	2
assemble49_0	GACACGGCCGTGTATTACTGTGCGAGAGACCGGCGTTCGTGATACAGCTATGGTTACCGGACACTCCTACTACTACATGGACGTCTGGGGCAAAGGGACCACGGTCACCGTCTCCTGAGGGGAGTGCATCCGCCCCAACCCTTTTCCCCCTCGTCTCCTGTGAGAATTCCCCGTCGGATAC	F	F	IGH	IGHV1-18*01	IGHD5-18*01	IGHJ6*04	IGHM	GACACGGCCGTGTATTACTGTGCGAGAGACCGGCGTTCGTGATACAGCTATGGTTACCGGACACTCCTACTACTAC---------ATGGACGTCTGGGGCAAAGGGACCACGGTCACCGTCTCCTGAG	GACACGGCCGTGTATTACTGTGCGAGAGACCGGCGTTCGTGATACAGCTATGGTTACCGGACACTCCTACTACTACTACTACGGTATGGACGTCTGGGGCAAAGGGACCACGGTCACCGTCTCCTCAG			TGTGCGAGAGACCGGCGTTCGTGATACAGCTATGGTTACCGGACACTCCTACTACTACATGGACGTCTGG		267N29M152S	40S3N17M124S	67S2N9M9I43M62S	119S62M1621N	100.00	90.27		F	1
assemble50_0	GTGTATTACTGTGCGAGAGCTGTAACTTATATTGTAGTAGTACCAGCTGCGGGCTGACAGTTTACTACTACTACTACGGTATGGACGTCTGGGGCCAAGGGACCACGGTCACCGTCTCCTCAGGGGAGTGCATCCGCCCCAACCCTTTTCCCCCTCGTCTCCTGTGAGAATTCCCCGTCGG	F	F	IGH	IGHV1-3*01	IGHD2-2*01	IGHJ6*02	IGHM	GTGTATTACTGTGCGAGAGCTGTAACTTATATTGTAGTAGTACCAGCTGCGGGCTGACAGTTTACTACTACTACTACGGTATGGACGTCTGGGGCCAAGGGACCACGGTCACCGTCTCCTCA	GTGTATTACTGTGCGAGAGCTGTAACTTATATTGTAGTAGTACCAGCTGCGGGCTGACAGTTTACTACTACTACTACGGTATGGACGTCTGGGGCCAAGGGACCACGGTCACCGTCTCCTCA			TGTGCGAGAGCTGTAACTTATATTGTAGTAGTACCAGCTGCGGGCTGACAGTTTACTACTACTACTACGGTATGGACGTCTGG		276N19M162S1N	28S3N22M131S6N	61S1N61M59S	123S58M1625N	100.00	95.08		F	1
assemble53_0	CGGTGGTAGTAGCACATACTATGCAGACTCCGTGAAGGGCCGATTCACCATCTCCAGAGACAATTCCAAGAACACGCTGTATCTGCAAATGAACAGCCTGAGAGCTGAGGACACGGCTGTGTATTACTGTGCGAACGGAGGCAGCAGAAAGGTGTCTTGGGATGGTTCGACCCCTGG	F	F	IGH	IGHV3-NL1*01	IGHD3-10*01	IGHJ5*02		CGGTGGTAGTAGCACATACTATGCAGACTCCGTGAAGGGCCGATTCACCATCTCCAGAGACAATTCCAAGAACACGCTGTATCTGCAAATGAACAGCCTGAGAGCTGAGGACACGGCTGTGTATTACTGTGCGAACGGAGGCAGCAGAAAGGTGTCTTGGGATGGTTCGACCCCTGG	CGGTGGTAGTAGCACATACTATGCAGACTCCGTGAAGGGCCGATTCACCATCTCCAGAGACAATTCCAAGAACACGCTGTATCTGCAAATGAACAGCCTGAGAGCTGAGGACACGGCTGTGTATTACTGTGCGAACGGAGGCAGCAGAAAGGTGTCTTGGGATGGTTCGACCCCTGG			TGTGCGAACGGAGGCAGCAGAAAGGTGTCTTGGGATGGTTCGACCCCTGG		158N135M42S3N	161S8N8M8S15N	162S5N15M31N		96.99	100.00		F	1
assemble56_0	CTGTGTATTACTGTGCGAAAGATCTCCCGAACTTATGTATATGTCTGGTGGTTCGACCCCTGGGGCCAGGGAACCCTGGTCACCGTCTCCTCAGGGGAGTGCATCCGCCCCAACCCTTTTCCCCCTCGTCTCCTGTGAGAATTCCCCGTCGGATACGAGCAGCGTGGCCGTT	F	F	IGH	IGHV3-NL1*01	IGHD2-8*02	IGHJ5*02	IGHM	CTGTGTATTACTGTGCGAAAGATCTCCCGAACTTATGTATATGTCTGGTGGTTCGACCCCTGGGGCCAGGGAACCCTGGTCACCGTCTCCTCAG	CTGTGTATTACTGTGCGAAAGATCTCCCGAACTTATGTATATGTCTGGTGGTTCGACCCCTGGGGCCAGGGAACCCTGGTCACCGTCTCCTCAG			TGTGCGAAAGATCTCCCGAACTTATGTATATGTCTGGTGGTTCGACCCCTGG		274N22M150S	44S11N8M120S12N	48S5N46M78S	94S78M1605N	100.00	100.00		F	1
assemble57_0	GCCTGAGATCTGAAGACACGGCTGTGTATTATTGTGCGAGAGATGAGATTACGATATTTTGACTGGTTATTATCTGACCGAGCTGGTTTTGAGTTCCCTGAAATCCACCTAACCTGCGCAACTACTGGGGCCAGGGAACCCTGGTCACCGTCTCCTCAGGGGAGTGCAT	F	F	IGH	IGHV1-3*01	IGHD3-9*01	IGHJ4*02		GCCTGAGATCTGAAGACACGGCTGTGTATTATTGTGCGAGAGATGAGATTACGATATTTTGACTGGTTATTATCTGACCGAGCTGGTTTTGAGTTCCCTGAAATCCACCTAACCTGCGCAACTACTGGGGCCAGGGAACCCTGGTCACCGTCTCCTCAG	GCCTGAGATCTGAAGACACGGCTGTGTATTACTGTGCGAGAGATGAGATTACGATATTTTGACTGGTTATTATCTGACCGAGCTGGTTTTGAGTTCCCTGAAATCCACCTAACCTGCGCAACTACTGGGGCCAGGGAACCCTGGTCACCGTCTCCTCAG			TGTGCGAGAGATGAGATTACGATATTTTGACTGGTTATTATCTGACCGAGCTGGTTTTGAGTTCCCTGAAATCCACCTAACCTGCGCAACTACTGG		253N43M126S	47S2N26M96S3N	120S9N39M10S		92.68	97.22		F	1
assemble58_0	AGGGCCGATTCACCATCTCCAGAGACAATTCCAAGAACACGCTGTATCTGCAAATGAACAGCCTGAGAGCTGAGGACACGGCTGTGTATTACTGTGCGAAAGATAGTAGTGGCTACGATTGAATGTTGACTACTGGGGCCAGGGAACCCTGGTCACCGTCTCCTCAG	F	F	IGH	IGHV3-NL1*01	IGHD5-12*01	IGHJ4*02		AGGGCCGATTCACCATCTCCAGAGACAATTCCAAGAACACGCTGTATCTGCAAATGAACAGCCTGAGAGCTGAGGACACGGCTGTGTATTACTGTGCGAAAGATAGTAGTGGCTACGATTGAATGTTGACTACTGGGGCCAGGGAACCCTGGTCACCGTCTCCTCAG	AGGGCCGATTCACCATCTCCAGAGACAATTCCAAGAACACGCTGTATCTGCAAATGAACAGCCTGAGAGCTGAGGACACGGCTGTGTATTACTGTGCGAAAGATAGTAGTGGCTACGATTGAATGTTGACTACTGGGGCCAGGGAACCCTGGTCACCGTCTCCTCAG			TGTGCGAAAGATAGTAGTGGCTACGATTGAATGTTGACTACTGG		193N103M64S	106S7N14M47S2N	125S6N42M		100.00	100.00		F	1
assemble60_0	GAACAGCCTGAGAGCTGAGGACATGACCGTGTATTACTGTGTGAGAGGGGCCATCCCCTACGGTGAGTAAACACGAATATTACTACTACTACTACATGGACGTCTGGGGCAAAGGGACCACGGTCACCGTCTCCTCAGGGGAGTGCATCCGCCCCAACCCT	F	F	IGH	IGHV3-52*01	IGHD4-23*01	IGHJ6*04	IGHM	GAACAGCCTGAGAGCTGAGGACATGACCGTGTATTACTGTGTGAGAGGGGCCATCCCCTACGGTGAGTAAACACGAATATTACTACTACTACTAC---ATGGACGTCTGGGGCAAAGGGACCACGGTCACCGTCTCCTCAG	GAACAGCCTGAGAGCTGAGGACATGACCGTGTATTACTGTGTGAGAGGGGCCATCCCCTACGGTG-GTAAACACGAATATTACTACTACTACTACGGTATGGACGTCTGGGGCAAAGGGACCACGGTCACCGTCTCCTCAG			TGTGTGAGAGGGGCCATCCCCTACGGTGAGTAAACACGAATATTACTACTACTACTACATGGACGTCTGG		248N48M113S	57S3N8M1D4M91S4N	78S17M3I43M23S	138S23M1660N	100.00	92.68		F	1
assemble61_0	CTCAAGAGATGATTCCAAAAGCATCGCCTATCTGCAAATGAACAGCCTGAAAACCGAGGACACAGCCGTGTATTACTGTGGGGTTCGGGGAGTTAACATCGATAAGAAGTAATACTACTACTACTACGGTATGGACGTCTGGGGCCAAGGGACCACGGTCACCGTCTCCTCAGGGGAGTGCATCCGCCCCAACCCTTTTCCCCCTCGTCTCCTGTGAGAATTCCC	F	F	IGH	IGHV3-49*02	IGHD3-10*01	IGHJ6*02	IGHM	CTCAAGAGATGATTCCAAAAGCATCGCCTATCTGCAAATGAACAGCCTGAAAACCGAGGACACAGCCGTGTATTACTGTGGGGTTCGGGGAGTTAACATCGATAAGAAGTAATACTACTACTACTACGGTATGGACGTCTGGGGCCAAGGGACCACGGTCACCGTCTCCTCA	CTCAAGAGATGATTCCAAAAGCATCGCCTATCTGCAAATGAACAGCCTGAAAACCGAGGACACAGCCGTGTATTACTGTGGGGTTCGGGGAGTTAACATCGATAAGAAGTAATACTACTACTACTACGGTATGGACGTCTGGGGCCAAGGGACCACGGTCACCGTCTCCTCA			TGTGGGGTTCGGGGAGTTAACATCGATAAGAAGTAATACTACTACTACTACGGTATGGACGTCTGG		215N79M146S8N	81S10N14M130S7N	112S2N60M53S	173S52M1631N	100.00	95.00		F	2
assemble64_0	TCCACGAGCACAGTCTACATGGAGCTGAGCAGCCTGAGATCTGAGGACACGGCCGTGTATTACTGTGCGAGAGTGCAAGTGACCTAATAGCAGTGGCTGGTACGATTCCATACTTTGACTACTGGGGCCAGGGAACCCTGGTCACCGTCTCCTCAGGGGAGTGCATCCGCCCCAACCCTTTTCCCCCTCGTCTCCTGTGAGA	F	F	IGH	IGHV1-46*01	IGHD6-19*01	IGHJ4*02	IGHM	TCCACGAGCACAGTCTACATGGAGCTGAGCAGCCTGAGATCTGAGGACACGGCCGTGTATTACTGTGCGAGAGTGCAAGTGACCTAATAGCAGTGGCTGGTACGATTCCATACTTTGACTACTGGGGCCAGGGAACCCTGGTCACCGTCTCCTCAG	TCCACGAGCACAGTCTACATGGAGCTGAGCAGCCTGAGATCTGAGGACACGGCCGTGTATTACTGTGCGAGAGTGCAAGTGACCTAATAGCAGTGGCTGGTACGATTCCATACTTTGACTACTGGGGCCAGGGAACCCTGGTCACCGTCTCCTCAG			TGTGCGAGAGTGCAAGTGACCTAATAGCAGTGGCTGGTACGATTCCATACTTTGACTACTGG		222N73M129S1N	86S4N17M99S	110S2N46M46S	156S46M1637N	100.00	100.00		F	2
assemble67_0	AGCCGAGGACACGGCTGTGTATTACTGTGCGAGAGATGGAAGCGGCGTATTACGATTTTTGGAGTGGTTCTTCCGACCATACTACTACTACTACATGGACGTCTGGGGCAAAGGGACCACGGTCACCGTCTCCTCAGGGGAGTGCATCCGCCCCAACCCTTTTCCCCCTCGTCTCCTGTGAGAATTCCCCGTCGGATACGAGCAGCGTGGCCGTTGGCTGCCTCGCACAGG	F	T	IGH	IGHV3-11*04	IGHD3-3*01	IGHJ6*04	IGHM	AGCCGAGGACACGGCTGTGTATTACTGTGCGAGAGATGGAAGCGGCGTATTACGATTTTTGGAGTGGTTCTTCCGACCATACTACTACTACTAC---ATGGACGTCTGGGGCAAAGGGACCACGGTCACCGTCTCCTCAG	AGCCGAGGACACGGCTGTGTATTACTGTGCGAGAGATGGAAGCGGCGTATTACGATTTTTGGAGTGGTTATTCCGACCATACTACTACTACTACGGTATGGACGTCTGGGGCAAAGGGACCACGGTCACCGTCTCCTCAG			TGTGCGAGAGATGGAAGCGGCGTATTACGATTTTTGGAGTGGTTCTTCCGACCATACTACTACTACTACATGGACGTCTGG	CARDGSGVLRFLEWFFRPYYYYYMDVW	260N36M195S	46S26M159S5N	79S2N15M3I43M94S	137S94M1589N	100.00	92.44		F	1
assemble69_0	GTAGTGGTAGTACCATAAACTACGCAGACTCTGTGAAGGGCCGATTCACCATCTCCAGAGACAACGCCAAGAACTCACTGTATCTGCAAATGAACAGCCTGAGAGCCGAGGACACGGCCGTGTATTACTGTGCGAGAGATCGGAGATACCCCTTGACAAGGTATAGCAGTGGCTGGTACGAAATTAATGATGCTTTTGATATCTGGGG	F	T	IGH	IGHV3-11*01	IGHD6-19*01	IGHJ3*02		GTAGTGGTAGTACCATAAACTACGCAGACTCTGTGAAGGGCCGATTCACCATCTCCAGAGACAACGCCAAGAACTCACTGTATCTGCAAATGAACAGCCTGAGAGCCGAGGACACGGCCGTGTATTACTGTGCGAGAGATCGGAGATACCCCTTGACAAGGTATAGCAGTGGCTGGTACGAAATTAATGATGCTTTTGATATCTGGGG	GTAGTGGTAGTACCATATACTACGCAGACTCTGTGAAGGGCCGATTCACCATCTCCAGGGACAACGCCAAGAACTCACTGTATCTGCAAATGAACAGCCTGAGAGCCGAGGACACGGCCGTGTATTACTGTGCGAGAGATCGGAGATACCCCTTGACAAGGTATAGCAGTGGCTGGTACGAAATTAATGATGCTTTTGATATCTGGGG			TGTGCGAGAGATCGGAGATACCCCTTGACAAGGTATAGCAGTGGCTGGTACGAAATTAATGATGCTTTTGATATCTGG	CARDRRYPLTRYSSGWYEINDAFDIW	157N139M69S	159S1N20M29S	187S21M29N		98.56	100.00		F	1
assemble75_0	GAGGACACGGCTGTGTATTACTGTGCGAAAGATATACTAGTATGATAGTAGTGGTTATGGGTTCATTGTTTACTACTGGGGCCAGGGAACCCTGGTCACCNNNNNNNCACCGTCTCCTCAGGGGAGTGCATCCGCCCCAACCCTTTTCCCCCTCGTCTCCTGTGAGAATTCCCCGTCGGATACGAGCAGCGTGGCCGTTGGCTGCCT	F	F	IGH	IGHV3-NL1*01	IGHD3-22*01	IGHJ4*02	IGHM	GAGGACACGGCTGTGTATTACTGTGCGAAAGATATACTAGTATGATAGTAGTGGTTATGGGTTCATTGTTTACTACTGGGGCCAGGGAACCCTGGTCACC	GAGGACACGGCTGTGTATTACTGTGCGAAAGATATACTAGTATGATAGTAGTGGTTATGGGTTCATTGTTTACTACTGGGGCCAGGGAACCCTGGTCACC			TGTGCGAAAGATATACTAGTATGATAGTAGTGGTTATGGGTTCATTGTTTACTACTGG		264N32M175S	40S7N18M149S6N	71S9N29M107S10N	121S86M1597N	100.00	96.15		F	1
assemble77_0	GGTGGTAGCACAAGCTACGCACAGAAGTTCGAGGGCAGAGTCACCATGACCAGGGACACGTCCACGAGCACAGTCTACATGGAGCTGAGCAGCCTGAGATNNNNNNNATCTGAGGACACGGCCGTGTATTACTGTGCGAGGACCGGCCCTATAGCAGTGGCTGGTTTCACTAGGTTACTGGGGCCAGGGAACCCTGGTCACCGTCTC	F	F	IGH	IGHV1-46*01	IGHD6-19*01	IGHJ4*02		GGTGGTAGCACAAGCTACGCACAGAAGTTCGAGGGCAGAGTCACCATGACCAGGGACACGTCCACGAGCACAGTCTACATGGAGCTGAGCAGCCTGAGATNNNNNNNATCTGAGGACACGGCCGTGTATTACTGTGCGAGGACCGGCCCTATAGCAGTGGCTGGTTTCACTAGGTTACTGGGGCCAGGGAACCCTGGTCACCGTCTC	GGTGGTAGCACAAGCTACGCACAGAAGTTCCAGGGCAGAGTCACCATGACCAGGGACACGTCCACGAGCACAGTCTACATGGAGCTGAGCA---------GCCTGAGATCTGAGGACACGGCCGTGTATTACTGTGCGAGGACCGGCCCTATAGCAGTGGCTGGTTTCACTAGGTTACTGGGGCCAGGGAACCCTGGTCACCGTCTC			TGTGCGAGGACCGGCCCTATAGCAGTGGCTGGTTTCACTAGGTTACTGG		162N91M9D40M67S3N	149S3N16M42S2N	175S11N32M5N		97.42	96.77		F	1
assemble79_0	GTGGGAGCACCAACTACAACCCCTCCCTCAAGAGTCGAGTCACCATATCAGTAGACACGTCCAAGAACCAGTTCTCCCTGAAGCTGAGCTCTGTGACCGCTGCGGACACGGCCGTGTATTACTGTGCGAGAGACCCCTATTACTATGATAGTAGTGGTTATATGCCGTGACCCAGCTCGACCCCTGGGGCCAGGGAAC	F	F	IGH	IGHV4-59*01	IGHD3-22*01	IGHJ5*02		GTGGGAGCACCAACTACAACCCCTCCCTCAAGAGTCGAGTCACCATATCAGTAGACACGTCCAAGAACCAGTTCTCCCTGAAGCTGAGCTCTGTGACCGCTGCGGACACGGCCGTGTATTACTGTGCGAGAGACCCCTATTACTATGATAGTAGTGGTTATATGCCGTGACCCAGCTCGACCCCTGGGGCCAGGGAAC	GTGGGAGCACCAACTACAACCCCTCCCTCAAGAGTCGAGTCACCATATCAGTAGACACGTCCAAGAACCAGTTCTCCCTGAAGCTGAGCTCTGTGACCGCTGCGGACACGGCCGTGTATTACTGTGCGAGAGACCCCTATTACTATGATAGTAGTGGTTATATGCCGTGACCCAGCTCGACCCCTGGGGCCAGGGAAC			TGTGCGAGAGACCCCTATTACTATGATAGTAGTGGTTATATGCCGTGACCCAGCTCGACCCCTGG		160N133M65S	137S1N24M37S6N	176S9N22M20N		100.00	100.00		F	1
